{"Блаженство":{"name":"Золотой хронос приключений: 60%-100% благополучия, 0%-40% неприкаянности","items":[{"name":"Куратор романтики","items":[{"name":"Дух короны","additionally":"Раслабление","items":{"2":{"name":"Мумий тролль - непокой","additionally":"./catalog/Video/Блаженство/Мумий тролль - непокой.mp4","items":false},"3":{"name":"Иванушки Int. - Тополиный пух","additionally":"./catalog/Video/Блаженство/Иванушки Int. - Тополиный пух.mp4","items":false},"4":{"name":"Enjoykin — Писюн Писюн (feat. Ник Черников)","additionally":"./catalog/Video/Блаженство/Enjoykin — Писюн Писюн (feat. Ник Черников).mp4","items":false},"5":{"name":"9 район - Бегом из детства","additionally":"./catalog/Video/Блаженство/9-rayon---Begom-iz-detstva.mp4","items":false},"6":{"name":"Gogol Bordello - Wonderlust King","additionally":"./catalog/Video/Блаженство/Gogol-Bordello---Wonderlust-King.mp4","items":false},"7":{"name":"Андрей Бандера - А помнишь","additionally":"./catalog/Video/Блаженство/Andrey-Bandera---A-pomnish.mp4","items":false},"8":{"name":"Bloo - I am","additionally":"./catalog/Video/Блаженство/Bloo---I-am.mp4","items":false}}},{"name":"Достоинство третьего глаза","additionally":"Приколист","items":{"1":{"name":"55Х55-МУЗЫКА НЕ МУЗЫКАНТА 2 (feat. Snailkick)","additionally":"./catalog/Video/Блаженство/55Х55-МУЗЫКА НЕ МУЗЫКАНТА 2 (feat. Snailkick).mp4","items":false},"2":{"name":"David Garrett - Viva La Vida - YouTube","additionally":"./catalog/Video/Блаженство/David Garrett - Viva La Vida - YouTube.mp4","items":false},"3":{"name":"СерьГа - А что нам надо","additionally":"./catalog/Video/Блаженство/СерьГа - А что нам надо.mp4","items":false},"4":{"name":"Карина М - Мальчик мой, порадуй","additionally":"./catalog/Video/Блаженство/Karina-M---Malchik-moy-poraduy.mp4","items":false}}},{"name":"Достоинство горла","additionally":"Присутствие","items":{"1":{"name":"Егор Летов - ЭЛЕКТРИЧЕСКИЙ ПЁС","additionally":"./catalog/Video/Блаженство/Егор Летов - ЭЛЕКТРИЧЕСКИЙ ПЁС.mp4","items":false},"2":{"name":"Imany - You will never know","additionally":"./catalog/Video/Блаженство/Imany - You will never know.mp4","items":false},"3":{"name":"Гражданская Оборона - Вечная весна","additionally":"./catalog/Video/Блаженство/Гражданская Оборона - Вечная весна.mp4","items":false},"4":{"name":"Гражданская Оборона - Мы идём в тишине","additionally":"./catalog/Video/Блаженство/Гражданская Оборона - Мы идём в тишине.mp4","items":false},"5":{"name":"Гражданская Оборона  - Зоопарк","additionally":"./catalog/Video/Блаженство/Grazhdanskaya-Oborona---Zoopark.mp4","items":false}}},{"name":"Душа сердца","additionally":"Уют","items":{"1":{"name":"Demo - Нежность","additionally":"./catalog/Video/Блаженство/Demo - Нежность.mp4","items":false},"2":{"name":"Ava Max - Come Home","additionally":"./catalog/Video/Блаженство/Ava Max - Come Home.mp4","items":false},"3":{"name":"LINDEMANN - Praise Abort","additionally":"./catalog/Video/Блаженство/LINDEMANN - Praise Abort.mp4","items":false},"4":{"name":"Sufjan Stevens & Angelo De Augustine - Lady Macbeth In Chains","additionally":"./catalog/Video/Блаженство/Sufjan Stevens & Angelo De Augustine - Lady Macbeth In Chains.mp4","items":false},"5":{"name":"Машина времени - пока горит свеча","additionally":"./catalog/Video/Блаженство/Машина времени - пока горит свеча.mp4","items":false},"6":{"name":"Рада Рай - Не суди меня, любимый","additionally":"./catalog/Video/Блаженство/Rada-Ray---Ne-sudi-menya-lyubimy.mp4","items":false},"7":{"name":"DPR IAN - So Beautiful","additionally":"./catalog/Video/Блаженство/DPR-IAN---So-Beautiful.mp4","items":false},"8":{"name":"DPR LIVE - Yellow Cab","additionally":"./catalog/Video/Блаженство/DPR-LIVE---Yellow-Cab.mp4","items":false}}},{"name":"Регулятор солнечного сплетения","additionally":"Потеха","items":{"1":{"name":"Jenya Giga - Романтик","additionally":"./catalog/Video/Блаженство/Jenya Giga - Романтик.mp4","items":false},"2":{"name":"Milky Chance - Stolen Dance","additionally":"./catalog/Video/Блаженство/Milky-Chance---Stolen-Dance.mp4","items":false},"3":{"name":"Захар Май - Я посылаю все нахуй","additionally":"./catalog/Video/Блаженство/Zakhar-May---Ya-posylayu-vse-nakhuy.mp4","items":false},"4":{"name":"Аркадий Укупник - Ресторанчик-Поплавок","additionally":"./catalog/Video/Блаженство/Arkady-Ukupnik---Restoranchik-Poplavok.mp4","items":false}}},{"name":"Честь сакральности","additionally":"Дело","items":{"1":{"name":"GIRLI – I Don’t Like Myself","additionally":"./catalog/Video/Блаженство/GIRLI-I-Dont-Like-Myself.mp4","items":false}}},{"name":"Честь корня","additionally":"Гостеприимство","items":{"1":{"name":"Julien Doré - Kiss Me Forever","additionally":"./catalog/Video/Блаженство/Julien Doré - Kiss Me Forever.mp4","items":false},"2":{"name":"Восхваление Зеленой Тары - Восхваление 21 Тары","additionally":"./catalog/Video/Блаженство/Восхваление Зеленой Тары - Восхваление 21 Тары.mp4","items":false}}}]},{"name":"Куратор справедливости","items":[{"name":"Дух короны","additionally":"Позволения","items":{"1":{"name":"Enjoykin — Не унывайте, пацаны","additionally":"./catalog/Video/Блаженство/Enjoykin — Не унывайте, пацаны.mp4","items":false},"2":{"name":"Короли ночной Вероны","additionally":"./catalog/Video/Блаженство/Короли ночной Вероны.mp4","items":false},"3":{"name":"Воплі Відоплясова - Весна","additionally":"./catalog/Video/Блаженство/Vopl-Vdoplyasova---Vesna.mp4","items":false},"4":{"name":"Макс Барских — Неверная","additionally":"./catalog/Video/Блаженство/Maks-Barskikh-Nevernaya.mp4","items":false},"5":{"name":"Milen - Такая растакая","additionally":"./catalog/Video/Блаженство/Milen---Takaya-rastakaya.mp4","items":false}}},{"name":"Достоинство третьего глаза","additionally":"Свояк","items":{"1":{"name":"Enjoykin — Брат","additionally":"./catalog/Video/Блаженство/Enjoykin — Брат.mp4","items":false},"2":{"name":"Shantel - DISKO PARTIZANI","additionally":"./catalog/Video/Блаженство/Shantel - DISKO PARTIZANI.mp4","items":false},"3":{"name":"Невидимка – Звезда","additionally":"./catalog/Video/Блаженство/Невидимка – Звезда.mp4","items":false}}},{"name":"Достоинство горла","additionally":"Результат","items":{"2":{"name":"Дискотека Авария — Небо","additionally":"./catalog/Video/Блаженство/Дискотека Авария — Небо.mp4","items":false},"3":{"name":"Игорь Тальков — Бал сатаны","additionally":"./catalog/Video/Блаженство/Игорь Тальков — Бал сатаны.mp4","items":false},"4":{"name":"Agustin Ramos - Maria, mi vida, mi amor","additionally":"./catalog/Video/Блаженство/Agustin-Ramos---Maria-mi-vida-mi-amor.mp4","items":false}}},{"name":"Душа сердца","additionally":"Сопровождение","items":{"1":{"name":"Калинов мост - Родная","additionally":"./catalog/Video/Блаженство/Калинов мост - Родная.mp4","items":false}}},{"name":"Регулятор солнечного сплетения","additionally":"Отвага","items":{"1":{"name":"ГИО ПИКА feat. SH KERA - Владикавказ - Наш Город","additionally":"./catalog/Video/Блаженство/ГИО ПИКА feat. SH KERA - Владикавказ - Наш Город.mp4","items":false}}},{"name":"Честь сакральности","additionally":"Почтение","items":{"1":{"name":"Enjoykin — Ламповая Няша","additionally":"./catalog/Video/Блаженство/Enjoykin — Ламповая Няша.mp4","items":false},"2":{"name":"MOON FAR AWAY - Velichalnaya","additionally":"./catalog/Video/Блаженство/MOON FAR AWAY - Velichalnaya.mp4","items":false}}},{"name":"Честь корня","additionally":"Потребности","items":{"1":{"name":"Свидание - Я и твой кот","additionally":"./catalog/Video/Блаженство/Свидание - Я и твой кот.mp4","items":false}}}]},{"name":"Куратор искренности","items":[{"name":"Дух короны","additionally":"Постоянность","items":{"1":{"name":"Enjoykin — Лайки Крутятся (feat. Сергей Дружко)","additionally":"./catalog/Video/Блаженство/Enjoykin — Лайки Крутятся (feat. Сергей Дружко).mp4","items":false}}},{"name":"Достоинство третьего глаза","additionally":"Верность","items":{"1":{"name":"Arcangel - Mi Testimonio","additionally":"./catalog/Video/Блаженство/Arcangel - Mi Testimonio.mp4","items":false},"2":{"name":"Enjoykin - Семечки","additionally":"./catalog/Video/Блаженство/Enjoykin---Semechki.mp4","items":false}}},{"name":"Достоинство горла","additionally":"Прямота","items":{"1":{"name":"55x55 – СЦЕНАРИСТ (feat. BadComedian)","additionally":"./catalog/Video/Блаженство/55x55 – СЦЕНАРИСТ (feat. BadComedian).mp4","items":false},"2":{"name":"Enjoykin — Котлетки с Пюрешкой","additionally":"./catalog/Video/Блаженство/Enjoykin — Котлетки с Пюрешкой.mp4","items":false},"3":{"name":"Mujuice - Не забудем, не простим","additionally":"./catalog/Video/Блаженство/Mujuice - Не забудем, не простим.mp4","items":false}}},{"name":"Душа сердца","additionally":"Отдаться полностью","items":{"1":{"name":"Erasure - Breathe","additionally":"./catalog/Video/Блаженство/Erasure - Breathe.mp4","items":false},"2":{"name":"MANIZHA - Держи Меня Земля","additionally":"./catalog/Video/Блаженство/MANIZHA - Держи Меня Земля.mp4","items":false}}},{"name":"Регулятор солнечного сплетения","additionally":"Красота","items":{"1":{"name":"Enjoykin — Алло, Кисунь","additionally":"./catalog/Video/Блаженство/Enjoykin — Алло, Кисунь.mp4","items":false}}},{"name":"Честь сакральности","additionally":"","items":false},{"name":"Честь корня","additionally":"Воспоминания","items":{"1":{"name":"Смысловые Галлюцинации - Волшебный Мир","additionally":"./catalog/Video/Блаженство/Смысловые Галлюцинации - Волшебный Мир.mp4","items":false}}}]},{"name":"Куратор спокойствия","items":[{"name":"Дух короны","additionally":"Задумка","items":{"1":{"name":"Бременские музыканты - ничего на свете лучше нету","additionally":"./catalog/Video/Блаженство/Бременские музыканты.mp4","items":false},"2":{"name":"Пикник – Всё Перевернётся","additionally":"./catalog/Video/Блаженство/Пикник – Всё Перевернётся.mp4","items":false},"3":{"name":"Фиксики - Паравозик","additionally":"./catalog/Video/Блаженство/Фиксики - паравозик.mp4","items":false}}},{"name":"Достоинство третьего глаза","additionally":"Праздник","items":{"1":{"name":"National Youth Choir of Namibia - Endeni","additionally":"./catalog/Video/Блаженство/National Youth Choir of Namibia - Endeni.mp4","items":false},"2":{"name":"Искусство умирать – Глупая принцесса","additionally":"./catalog/Video/Блаженство/Iskusstvo-umirat-Glupaya-printsessa.mp4","items":false}}},{"name":"Достоинство горла","additionally":"Разрешения","items":{"1":{"name":"Devendra Banhart - Carmensita","additionally":"./catalog/Video/Блаженство/Devendra Banhart - Carmensita.mp4","items":false},"2":{"name":"Максим Леонидов и ХиппоБэнд - Волки","additionally":"./catalog/Video/Блаженство/Максим Леонидов и ХиппоБэнд - Волки.mp4","items":false}}},{"name":"Душа сердца","additionally":"Чистота","items":{"1":{"name":"Enjoykin — Москва - Ленинград","additionally":"./catalog/Video/Блаженство/Enjoykin — Москва - Ленинград.mp4","items":false},"2":{"name":"Dan Balan - Любовь как в песнях","additionally":"./catalog/Video/Блаженство/Dan-Balan---Lyubov-kak-v-pesnyakh.mp4","items":false}}},{"name":"Регулятор солнечного сплетения","additionally":"Целостность","items":{"1":{"name":"Каспийский груз - Доедешь-пиши","additionally":"./catalog/Video/Блаженство/Каспийский груз - Доедешь-пиши.mp4","items":false}}},{"name":"Честь сакральности","additionally":"Верность","items":{"1":{"name":"Stupeflip - The Solution","additionally":"./catalog/Video/Блаженство/Stupeflip - The Solution.mp4","items":false},"2":{"name":"Вася Обломов - Жизнь налаживается","additionally":"./catalog/Video/Блаженство/Вася Обломов - Жизнь налаживается.mp4","items":false},"3":{"name":"Iamnotshane - Don't Say That","additionally":"./catalog/Video/Блаженство/Iamnotshane---Dont-Say-That.mp4","items":false}}},{"name":"Честь корня","additionally":"Требования","items":{"1":{"name":"Soviet Suprem - Bolchoï","additionally":"./catalog/Video/Блаженство/Soviet Suprem - Bolchoï.mp4","items":false},"2":{"name":"Цой - Весь мир идет на меня войной","additionally":"./catalog/Video/Блаженство/Цой - Весь мир идет на меня войной.mp4","items":false}}}]}]},"Возрождение":{"name":"Серебряный хронос мечты: 50%-60% благополучия, 40%-50% неприкаянности","items":[{"name":"Куратор романтики","items":[{"name":"Дух короны","additionally":"Крайность","items":{"1":{"name":"2rbina 2rista - Шестая Палата","additionally":"./catalog/Video/Возрождение/2rbina 2rista - Шестая Палата.mp4","items":false},"2":{"name":"Enjoykin — Житие Мое","additionally":"./catalog/Video/Возрождение/Enjoykin — Житие Мое.mp4","items":false},"3":{"name":"Enjoykin — Космос Будет Наш","additionally":"./catalog/Video/Возрождение/Enjoykin — Космос Будет Наш.mp4","items":false},"4":{"name":"Billie Eilish - bad guy","additionally":"./catalog/Video/Возрождение/Billie-Eilish---bad-guy.mp4","items":false},"5":{"name":"Jubilee - BRNNNG","additionally":"./catalog/Video/Возрождение/Jubilee---BRNNNG.mp4","items":false}}},{"name":"Достоинство третьего глаза","additionally":"Понимание","items":{"1":{"name":"Enjoykin — Я Просто Устала (feat. Марьяна Ро)","additionally":"./catalog/Video/Возрождение/Enjoykin — Я Просто Устала (feat. Марьяна Ро).mp4","items":false}}},{"name":"Достоинство горла","additionally":"Вдохновение","items":{"1":{"name":"Алексей Хворостян - Падали, но поднимались","additionally":"./catalog/Video/Возрождение/Алексей Хворостян - Падали, но поднимались.mp4","items":false},"2":{"name":"Буерак – Ушёл в себя","additionally":"./catalog/Video/Возрождение/Буерак – Ушёл в себя.mp4","items":false},"3":{"name":"Мот — Свадебная","additionally":"./catalog/Video/Возрождение/Мот — Свадебная.mp4","items":false},"4":{"name":"МЫ - Зима","additionally":"./catalog/Video/Возрождение/МЫ - Зима.mp4","items":false},"5":{"name":"ЦИФЕI - Idle night","additionally":"./catalog/Video/Возрождение/Цiфея - Idle night.mp4","items":false}}},{"name":"Душа сердца","additionally":"Благословление","items":{"1":{"name":"Celestial Healing Harmony","additionally":"./catalog/Video/Возрождение/Celestial Healing Harmony.mp4","items":false},"2":{"name":"Enjoykin - Группа Крови","additionally":"./catalog/Video/Возрождение/Enjoykin - Группа Крови.mp4","items":false},"3":{"name":"LOBODA — Твои Глаза","additionally":"./catalog/Video/Возрождение/LOBODA — Твои Глаза.mp4","items":false},"4":{"name":"Ляпис Трубецкой - Путинарода","additionally":"./catalog/Video/Возрождение/Ляпис Трубецкой - Путинарода.mp4","items":false},"5":{"name":"Павел Кашин - Город","additionally":"./catalog/Video/Возрождение/Павел Кашин - Город.mp4","items":false},"6":{"name":"Павел Кашин - Ещё немного","additionally":"./catalog/Video/Возрождение/Павел Кашин - ещё немного.mp4","items":false}}},{"name":"Регулятор солнечного сплетения","additionally":"Одиночество","items":{"1":{"name":"SNEЖNO - Дэнди","additionally":"./catalog/Video/Возрождение/SNEЖNO - Дэнди.mp4","items":false}}},{"name":"Честь сакральности","additionally":"Задумчивость","items":{"1":{"name":"Небо Пополам - Весна","additionally":"./catalog/Video/Возрождение/Небо Пополам - Весна.mp4","items":false},"2":{"name":"Небо Пополам - Все будет круто!","additionally":"./catalog/Video/Возрождение/Небо Пополам - Все будет круто!.mp4","items":false}}},{"name":"Честь корня","additionally":"Независимость","items":{"1":{"name":"Сёстры - Нет дела","additionally":"./catalog/Video/Возрождение/Sestry---Net-dela.mp4","items":false}}}]},{"name":"Куратор справедливости","items":[{"name":"Дух короны","additionally":"Отталкивание","items":{"1":{"name":"DeCord - Без Жалости","additionally":"./catalog/Video/Возрождение/DeCord - Без Жалости.mp4","items":false},"2":{"name":"Enjoykin — Обращение к Дагестанцам","additionally":"./catalog/Video/Возрождение/Enjoykin — Обращение к Дагестанцам.mp4","items":false},"3":{"name":"гречка - это убило меня","additionally":"./catalog/Video/Возрождение/гречка - это убило меня.mp4","items":false},"5":{"name":"Подъем! - Хочет но не может","additionally":"./catalog/Video/Возрождение/Podyem---Khochet-no-ne-mozhet.mp4","items":false}}},{"name":"Достоинство третьего глаза","additionally":"Отстаивание","items":{"3":{"name":"Денис Майданов ВДВ","additionally":"./catalog/Video/Возрождение/Денис Майданов ВДВ.mp4","items":false},"4":{"name":"Каста — Вокруг шум","additionally":"./catalog/Video/Возрождение/Каста — Вокруг шум.mp4","items":false},"6":{"name":"Каста — Прошёл через","additionally":"./catalog/Video/Возрождение/Каста — Прошёл через.mp4","items":false},"7":{"name":"Коста Лакоста - Алые Водопады","additionally":"./catalog/Video/Возрождение/Коста Лакоста - Алые Водопады.mp4","items":false},"8":{"name":"ЛУНА - Free Love","additionally":"./catalog/Video/Возрождение/ЛУНА - Free Love.mp4","items":false},"9":{"name":"Ногу Свело! - Наши юные смешные голоса","additionally":"./catalog/Video/Возрождение/Ногу Свело! - Наши юные смешные голоса.mp4","items":false},"10":{"name":"Mistmorn – дідько, я у розпачі","additionally":"./catalog/Video/Возрождение/Mistmorn-ddko-ya-u-rozpach.mp4","items":false},"11":{"name":"Marc Anthony - Flor Pálida","additionally":"./catalog/Video/Возрождение/Marc-Anthony---Flor-Plida.mp4","items":false},"12":{"name":"Kygo - Stole The Show feat. Parson James","additionally":"./catalog/Video/Возрождение/Kygo---Stole-The-Show-feat-Parson-James.mp4","items":false},"13":{"name":"гр.ГороД - Дождь","additionally":"./catalog/Video/Возрождение/grGoroD---Dozhd.mp4","items":false}}},{"name":"Достоинство горла","additionally":"Напряжение","items":{"1":{"name":"Empire Of The Sun - We Are The People","additionally":"./catalog/Video/Возрождение/Empire Of The Sun - We Are The People.mp4","items":false},"2":{"name":"СПЛИН - Романс","additionally":"./catalog/Video/Возрождение/СПЛИН - Романс.mp4","items":false}}},{"name":"Душа сердца","additionally":"Наблюдение","items":{"1":{"name":"Enjoykin - Полковник","additionally":"./catalog/Video/Возрождение/Enjoykin - Полковник.mp4","items":false},"2":{"name":"леро4ка - покойник","additionally":"./catalog/Video/Возрождение/lero4ka---pokoynik.mp4","items":false}}},{"name":"Регулятор солнечного сплетения","additionally":"Замкнутость","items":{"1":{"name":"мц горемыка - не трогал твою даму","additionally":"./catalog/Video/Возрождение/мц горемыка - не трогал твою даму.mp4","items":false},"2":{"name":"Биполярное расстройство – Время","additionally":"./catalog/Video/Возрождение/Bipolyarnoye-rasstroystvo-Vremya.mp4","items":false}}},{"name":"Честь сакральности","additionally":"Отрыв","items":{"1":{"name":"Даня Милохин - Не догонят","additionally":"./catalog/Video/Возрождение/Danya-Milokhin---Ne-dogonyat.mp4","items":false},"2":{"name":"Тату - Я Твоя Не Первая","additionally":"./catalog/Video/Возрождение/Tatu---Ya-Tvoya-Ne-Pervaya.mp4","items":false}}},{"name":"Честь корня","additionally":"Лучшее","items":{"1":{"name":"El Alfa - Mera Woo","additionally":"./catalog/Video/Возрождение/El Alfa - Mera Woo.mp4","items":false},"2":{"name":"GroTTesque - Стальное Сердце","additionally":"./catalog/Video/Возрождение/GroTTesque - Стальное Сердце.mp4","items":false}}}]},{"name":"Куратор искренности","items":[{"name":"Дух короны","additionally":"Проталкивание","items":{"1":{"name":"Mind Brand (Cover by Sati Akura)","additionally":"./catalog/Video/Возрождение/Mind Brand (Cover by Sati Akura).mp4","items":false},"2":{"name":"Ани Лорак - Мы нарушаем","additionally":"./catalog/Video/Возрождение/Ани Лорак - Мы нарушаем.mp4","items":false},"3":{"name":"Shortparis – Любовь моя будет тут","additionally":"./catalog/Video/Возрождение/Shortparis – Любовь моя будет тут.mp4","items":false},"4":{"name":"T-Fest - Улети","additionally":"./catalog/Video/Возрождение/T-Fest---Uleti.mp4","items":false},"5":{"name":"Псой Короленко - Я - Штирлиц","additionally":"./catalog/Video/Возрождение/Psoy-Korolenko---Ya---Shtirlits.mp4","items":false}}},{"name":"Достоинство третьего глаза","additionally":"Насмешки","items":{"1":{"name":"Java - J'me marre","additionally":"./catalog/Video/Возрождение/Java - J'me marre.mp4","items":false},"2":{"name":"The Baseballs - Rock me Amadeus","additionally":"./catalog/Video/Возрождение/The-Baseballs---Rock-me-Amadeus.mp4","items":false}}},{"name":"Достоинство горла","additionally":"Чёткость","items":{"1":{"name":"Enjoykin — Нецветные Розы (feat. Диана Шурыгина)","additionally":"./catalog/Video/Возрождение/Enjoykin — Нецветные Розы (feat. Диана Шурыгина).mp4","items":false},"2":{"name":"One T - I Woke Up","additionally":"./catalog/Video/Возрождение/One T - I Woke Up.mp4","items":false},"3":{"name":"RAM — Пот","additionally":"./catalog/Video/Возрождение/RAM-Pot.mp4","items":false},"4":{"name":"Танцы Минус - Половинка","additionally":"./catalog/Video/Возрождение/Tantsy-Minus---Polovinka.mp4","items":false},"5":{"name":"ГРЯЗНЫЙ РАМИРЕС — MAGNITUDE","additionally":"./catalog/Video/Возрождение/GRYaZNYY-RAMIRYeS-MAGNITUDE.mp4","items":false}}},{"name":"Душа сердца","additionally":"Суверенитет","items":{"1":{"name":"IRAIDA - Ganduri","additionally":"./catalog/Video/Возрождение/IRAIDA - Ganduri.mp4","items":false},"2":{"name":"izzamuzzic - ice","additionally":"./catalog/Video/Возрождение/izzamuzzic - ice.mp4","items":false},"3":{"name":"Тибетская мантра Зеленой Тары - Исцеление от болезней. Green Tara mantra","additionally":"./catalog/Video/Возрождение/Тибетская мантра Зеленой Тары - Исцеление от болезней. Green Tara mantra.mp4","items":false},"4":{"name":"Anoushka Shankar - Bright Eyes ft. Alev Lenz","additionally":"./catalog/Video/Возрождение/Anoushka-Shankar---Bright-Eyes-ft-Alev-Lenz.mp4","items":false}}},{"name":"Регулятор солнечного сплетения","additionally":"Секреты","items":{"1":{"name":"Tessa Violet - Crush","additionally":"./catalog/Video/Возрождение/Tessa Violet - Crush.mp4","items":false}}},{"name":"Честь сакральности","additionally":"Приятельство","items":{"1":{"name":"Аквариум - Марш Священных Коров","additionally":"./catalog/Video/Возрождение/Аквариум - Марш Священных Коров.mp4","items":false},"2":{"name":"Аквариум - Пошёл Вон Вавилон","additionally":"./catalog/Video/Возрождение/Аквариум - Пошёл Вон Вавилон.mp4","items":false}}},{"name":"Честь корня","additionally":"Отвлечение","items":{"1":{"name":"Альянс - На заре","additionally":"./catalog/Video/Возрождение/Альянс - На заре.mp4","items":false}}}]},{"name":"Куратор спокойствия","items":[{"name":"Дух короны","additionally":"Непривязанность","items":{"1":{"name":"ТУ-134 – Память папы","additionally":"./catalog/Video/Возрождение/ТУ-134 – Память папы.mp4","items":false},"2":{"name":"ТУ-134 – Алые цветы","additionally":"./catalog/Video/Возрождение/TU-134-Alyye-tsvety.mp4","items":false}}},{"name":"Достоинство третьего глаза","additionally":"Неуловимость","items":{"1":{"name":"Aidan Bissett - Dumped","additionally":"./catalog/Video/Возрождение/Aidan-Bissett---Dumped.mp4","items":false}}},{"name":"Достоинство горла","additionally":"Бойкость","items":{"1":{"name":"Как жили мы борясь - Не бойся я с тобой","additionally":"./catalog/Video/Возрождение/Как жили мы борясь - Не бойся я с тобой.mp4","items":false}}},{"name":"Душа сердца","additionally":"Предостережения","items":{"2":{"name":"The xx - Together","additionally":"./catalog/Video/Возрождение/The xx - Together.mp4","items":false},"3":{"name":"IC3PEAK - Плак-Плак","additionally":"./catalog/Video/Возрождение/IC3PEAK - Плак-Плак.mp4","items":false}}},{"name":"Регулятор солнечного сплетения","additionally":"Наслаждение","items":{"1":{"name":"Doja Cat - Bottom Bitch","additionally":"./catalog/Video/Возрождение/Doja Cat - Bottom Bitch.mp4","items":false}}},{"name":"Честь сакральности","additionally":"Элегантный","items":{"1":{"name":"Gorillaz - Stylo","additionally":"./catalog/Video/Возрождение/Gorillaz - Stylo.mp4","items":false}}},{"name":"Честь корня","additionally":"Подмечание","items":{"1":{"name":"Где Фантом? - Я тебя люблю","additionally":"./catalog/Video/Возрождение/Gde-Fantom---Ya-tebya-lyublyu.mp4","items":false}}}]}]},"Разложение":{"name":"Железный хронос ностальгии: 10%-50% благополучия, 50%-90% неприкаянности","items":[{"name":"Куратор романтики","items":[{"name":"Дух короны","additionally":"Неопределенность","items":{"1":{"name":"Игорь Саруханов -Ты попала","additionally":"./catalog/Video/Разложение/Игорь Саруханов -Ты попала.mp4","items":false}}},{"name":"Достоинство третьего глаза","additionally":"","items":false},{"name":"Достоинство горла","additionally":"","items":false},{"name":"Душа сердца","additionally":"Попытка понять","items":{"1":{"name":"Nю, Асия - Останься","additionally":"./catalog/Video/Разложение/Nю, Асия - Останься.mp4","items":false}}},{"name":"Регулятор солнечного сплетения","additionally":"Безразличие","items":{"1":{"name":"Mia Rodriguez - Psycho","additionally":"./catalog/Video/Разложение/Mia Rodriguez - Psycho.mp4","items":false}}},{"name":"Честь сакральности","additionally":"","items":false},{"name":"Честь корня","additionally":"Шмара","items":{"1":{"name":"Скриптонит - Чистый","additionally":"./catalog/Video/Разложение/Скриптонит - Чистый.mp4","items":false}}}]},{"name":"Куратор справедливости","items":[{"name":"Дух короны","additionally":"Внедрения","items":{"1":{"name":"The Prodigy - Breathe","additionally":"./catalog/Video/Разложение/The Prodigy - Breathe.mp4","items":false}}},{"name":"Достоинство третьего глаза","additionally":"Пренебрежения","items":{"1":{"name":"55x55 – СОЛОВЬЁБ","additionally":"./catalog/Video/Разложение/55x55 – СОЛОВЬЁБ.mp4","items":false},"2":{"name":"CADILLAC - GAME OVER","additionally":"./catalog/Video/Разложение/CADILLAC - GAME OVER.mp4","items":false},"3":{"name":"Enjoykin - Стартуем","additionally":"./catalog/Video/Разложение/Enjoykin - Стартуем.mp4","items":false},"4":{"name":"Ploho - Пустота","additionally":"./catalog/Video/Разложение/Ploho - Пустота.mp4","items":false},"5":{"name":"План Ломоносова - Резкая как НАТЕ!","additionally":"./catalog/Video/Разложение/Plan-Lomonosova---Rezkaya-kak-NATYe.mp4","items":false}}},{"name":"Достоинство горла","additionally":"Невыполнения","items":{"1":{"name":"Enjoykin — Жить По-Пацански","additionally":"./catalog/Video/Разложение/Enjoykin — Жить По-Пацански.mp4","items":false}}},{"name":"Душа сердца","additionally":"Наступления","items":{"1":{"name":"Сплин - Линия Жизни","additionally":"./catalog/Video/Разложение/Сплин - Линия Жизни.mp4","items":false}}},{"name":"Регулятор солнечного сплетения","additionally":"Пофигизм","items":{"1":{"name":"Elliot Lee - Drama Queen","additionally":"./catalog/Video/Разложение/Elliot Lee - Drama Queen.mp4","items":false}}},{"name":"Честь сакральности","additionally":"Небрежность","items":{"1":{"name":"Би-2 - Держаться за воздух","additionally":"./catalog/Video/Разложение/Би-2 - Держаться за воздух.mp4","items":false}}},{"name":"Честь корня","additionally":"Балбес","items":{"1":{"name":"Enjoykin — Nyash Myash","additionally":"./catalog/Video/Разложение/Enjoykin — Nyash Myash.mp4","items":false}}}]},{"name":"Куратор искренности","items":[{"name":"Дух короны","additionally":"","items":false},{"name":"Достоинство третьего глаза","additionally":"Скромность","items":{"1":{"name":"Хули ты ноешь (Гимн свадебных работников, Камызяки cover)","additionally":"./catalog/Video/Разложение/Хули ты ноешь (Гимн свадебных работников, Камызяки cover).mp4","items":false}}},{"name":"Достоинство горла","additionally":"Беспросветность","items":{"1":{"name":"Enjoykin — Завтрашний День (feat. Виталий Кличко)","additionally":"./catalog/Video/Разложение/Enjoykin — Завтрашний День (feat. Виталий Кличко).mp4","items":false},"2":{"name":"Enjoykin — К Полету Готов","additionally":"./catalog/Video/Разложение/Enjoykin — К Полету Готов.mp4","items":false},"3":{"name":"Многоточие - Дыши","additionally":"./catalog/Video/Разложение/Многоточие - Дыши.mp4","items":false}}},{"name":"Душа сердца","additionally":"","items":false},{"name":"Регулятор солнечного сплетения","additionally":"Непонятки","items":{"1":{"name":"Emotion - Mia Rodriguez","additionally":"./catalog/Video/Разложение/Emotion - Mia Rodriguez.mp4","items":false}}},{"name":"Честь сакральности","additionally":"Надежды","items":{"1":{"name":"Enjoykin — Офицер","additionally":"./catalog/Video/Разложение/Enjoykin — Офицер.mp4","items":false}}},{"name":"Честь корня","additionally":"","items":false}]},{"name":"Куратор спокойствия","items":[{"name":"Дух короны","additionally":"Отрешённость","items":{"1":{"name":"Courtney Barnett - Before You Gotta Go","additionally":"./catalog/Video/Разложение/Courtney Barnett - Before You Gotta Go.mp4","items":false},"2":{"name":"Elliot Lee - Queen of Nothing","additionally":"./catalog/Video/Разложение/Elliot-Lee---Queen-of-Nothing.mp4","items":false}}},{"name":"Достоинство третьего глаза","additionally":"","items":{"1":{"name":"не наркоманы а растаманы мы","additionally":"./catalog/Video/Разложение/не наркоманы а растаманы мы.mp4","items":false}}},{"name":"Достоинство горла","additionally":"","items":false},{"name":"Душа сердца","additionally":"Вредные советы","items":{"1":{"name":"La Caravane Passe - Nomadic Spirit ft. Mehdi Nassouli","additionally":"./catalog/Video/Разложение/La Caravane Passe - Nomadic Spirit ft. Mehdi Nassouli.mp4","items":false},"2":{"name":"La Caravane Passe (feat. R.Wan) - ZINZIN MORETTO ","additionally":"./catalog/Video/Разложение/La Caravane Passe (feat. R.Wan) - ZINZIN MORETTO .mp4","items":false}}},{"name":"Регулятор солнечного сплетения","additionally":"Шут","items":{"1":{"name":"TOMMY CASH - RACKED","additionally":"./catalog/Video/Разложение/TOMMY CASH - RACKED.mp4","items":false}}},{"name":"Честь сакральности","additionally":"Обломы","items":[]},{"name":"Честь корня","additionally":"Неуклюжесть","items":[]}]}]},"Упадничество":{"name":"Титановый хронос затворнечества: 0%-10% благополучия, 90%-100% неприкаянности","items":[{"name":"Куратор романтики","items":[{"name":"Дух короны","additionally":"Обвинения","items":{"1":{"name":"Агата Кристи - Секрет","additionally":"./catalog/Video/Упадничество/Агата Кристи - Секрет.mp4","items":false},"2":{"name":"Максим Фадеев - Ну, Вот И Всё","additionally":"./catalog/Video/Упадничество/Maksim-Fadeyev---Nu-Vot-I-Vse.mp4","items":false},"3":{"name":"Максим Фадеев - Беги По Небу","additionally":"./catalog/Video/Упадничество/Maksim-Fadeyev---Begi-Po-Nebu.mp4","items":false}}},{"name":"Достоинство третьего глаза","additionally":"","items":{"1":{"name":"Елена Фролова - Разлука смотрит на меня...","additionally":"./catalog/Video/Упадничество/Yelena-Frolova---Razluka-smotrit-na-menya.mp4","items":false}}},{"name":"Достоинство горла","additionally":"Брожения","items":{"1":{"name":"Enjoykin — Скайрим","additionally":"./catalog/Video/Упадничество/Enjoykin — Скайрим.mp4","items":false}}},{"name":"Душа сердца","additionally":"Безысходность","items":{"1":{"name":"Enjoykin - Пацан к успеху шел","additionally":"./catalog/Video/Упадничество/Enjoykin - Пацан к успеху шел.mp4","items":false},"2":{"name":"Стальной дракон - Безысходность","additionally":"./catalog/Video/Упадничество/Стальной дракон - Безысходность.mp4","items":false}}},{"name":"Регулятор солнечного сплетения","additionally":"Осторожность","items":{"1":{"name":"ALIB - А я летаю","additionally":"./catalog/Video/Упадничество/ALIB - А я летаю.mp4","items":false}}},{"name":"Честь сакральности","additionally":"Отлынивания","items":{"1":{"name":"Гриша - А я укуренный иду по переулочку","additionally":"./catalog/Video/Упадничество/Гриша - А я укуренный иду по переулочку.mp4","items":false}}},{"name":"Честь корня","additionally":"Расставания","items":{"1":{"name":"Scruffpuppie - paint","additionally":"./catalog/Video/Упадничество/Scruffpuppie - paint.mp4","items":false},"2":{"name":"Света – А ты не мой","additionally":"./catalog/Video/Упадничество/Света – А ты не мой.mp4","items":false},"3":{"name":"Небо над головой - Кто сказал, что будет легко","additionally":"./catalog/Video/Упадничество/Nebo-nad-golovoy---Kto-skazal-chto-budet-legko.mp4","items":false}}}]},{"name":"Куратор справедливости","items":[{"name":"Дух короны","additionally":"Презрение","items":{"1":{"name":"Тони Раут x Ivan Reys - Танцуй на костях","additionally":"./catalog/Video/Упадничество/Тони Раут x Ivan Reys - Танцуй на костях.mp4","items":false},"2":{"name":"Easy life - Have a great day","additionally":"./catalog/Video/Упадничество/Easy-life---Have-a-great-day.mp4","items":false},"3":{"name":"NILETTO, BITTUEV - Быть собой","additionally":"./catalog/Video/Упадничество/NILETTO-BITTUEV---Byt-soboy.mp4","items":false}}},{"name":"Достоинство третьего глаза","additionally":"Давление","items":{"1":{"name":"9 Грамм - Ласковый зверь (при уч.Alina Orlova)","additionally":"./catalog/Video/Упадничество/9 Грамм - Ласковый зверь (при уч.Alina Orlova).mp4","items":false},"2":{"name":"Enjoykin - Братишка","additionally":"./catalog/Video/Упадничество/Enjoykin - Братишка.mp4","items":false},"3":{"name":"Grimwind - Галактика В Огне","additionally":"./catalog/Video/Упадничество/Grimwind - Галактика В Огне.mp4","items":false},"4":{"name":"Oliver Tree - Cash Machine","additionally":"./catalog/Video/Упадничество/Oliver Tree - Cash Machine.mp4","items":false},"5":{"name":"Без Поводка – Моя злость","additionally":"./catalog/Video/Упадничество/Без Поводка – Моя злость.mp4","items":false},"6":{"name":"Оу74 – Кушать подано","additionally":"./catalog/Video/Упадничество/Оу74 – Кушать подано.mp4","items":false},"7":{"name":"Путь Солнца - Руби","additionally":"./catalog/Video/Упадничество/Путь Солнца - Руби.mp4","items":false},"8":{"name":"Butterfly Temple - Бегу я рысью, бегу я волком","additionally":"./catalog/Video/Упадничество/Butterfly-Temple---Begu-ya-rysyu-begu-ya-volkom.mp4","items":false}}},{"name":"Достоинство горла","additionally":"Свинство","items":{"1":{"name":"Enjoykin - Безысходность","additionally":"./catalog/Video/Упадничество/Enjoykin - Безысходность.mp4","items":false}}},{"name":"Душа сердца","additionally":"","items":false},{"name":"Регулятор солнечного сплетения","additionally":"Захваты","items":{"1":{"name":"Tyga - Taste ft. Offset","additionally":"./catalog/Video/Упадничество/Tyga - Taste ft. Offset.mp4","items":false}}},{"name":"Честь сакральности","additionally":"Изгнание","items":{"1":{"name":"REDO - АЛГОРИТМЫ","additionally":"./catalog/Video/Упадничество/REDO - АЛГОРИТМЫ.mp4","items":false}}},{"name":"Честь корня","additionally":"Неразборчивость","items":{"1":{"name":"Enjoykin - Crazy Midnight Display","additionally":"./catalog/Video/Упадничество/Enjoykin - Crazy Midnight Display.mp4","items":false},"2":{"name":"СЛАВА КПСС & ХАН ЗАМАЙ - МЫ РАБОТАЕМ НА КРЕМЛЬ","additionally":"./catalog/Video/Упадничество/СЛАВА КПСС & ХАН ЗАМАЙ - МЫ РАБОТАЕМ НА КРЕМЛЬ.mp4","items":false}}}]},{"name":"Куратор искренности","items":[{"name":"Дух короны","additionally":"Удерживание","items":{"2":{"name":"Autoheart - I Know That He Loves Me","additionally":"./catalog/Video/Упадничество/Autoheart---I-Know-That-He-Loves-Me.mp4","items":false},"3":{"name":"Autoheart - Moscow","additionally":"./catalog/Video/Упадничество/Autoheart---Moscow.mp4","items":false},"4":{"name":"Dabro - Услышит весь район","additionally":"./catalog/Video/Упадничество/Dabro---Uslyshit-ves-rayon.mp4","items":false},"5":{"name":"Jon Batiste - FREEDOM","additionally":"./catalog/Video/Упадничество/Jon-Batiste---FREEDOM.mp4","items":false}}},{"name":"Достоинство третьего глаза","additionally":"Болван","items":{"1":{"name":"Enjoykin — Зато я спас кота (feat. Ник Черников)","additionally":"./catalog/Video/Упадничество/Enjoykin — Зато я спас кота (feat. Ник Черников).mp4","items":false},"2":{"name":"A Perfect Circle - Passive","additionally":"./catalog/Video/Упадничество/A Perfect Circle - Passive.mp4","items":false}}},{"name":"Достоинство горла","additionally":"Застой","items":{"1":{"name":"Enjoykin — Дорогие Юные Друзья","additionally":"./catalog/Video/Упадничество/Enjoykin — Дорогие Юные Друзья.mp4","items":false},"2":{"name":"Мельница - Пусть вечерняя звезда","additionally":"./catalog/Video/Упадничество/Мельница - Пусть вечерняя звезда.mp4","items":false}}},{"name":"Душа сердца","additionally":"Дура","items":{"1":{"name":"Mujuice - Милый друг","additionally":"./catalog/Video/Упадничество/Mujuice---Mily-drug.mp4","items":false}}},{"name":"Регулятор солнечного сплетения","additionally":"Скупость","items":{"1":{"name":"Madonna - Frozen","additionally":"./catalog/Video/Упадничество/Madonna - Frozen.mp4","items":false}}},{"name":"Честь сакральности","additionally":"Ужас","items":{"1":{"name":"Marilyn Manson - Tainted Love","additionally":"./catalog/Video/Упадничество/Marilyn Manson - Tainted Love.mp4","items":false}}},{"name":"Честь корня","additionally":"Отброс","items":{"1":{"name":"Röyksopp - What Else Is There?","additionally":"./catalog/Video/Упадничество/Ryksopp---What-Else-Is-There.mp4","items":false}}}]},{"name":"Куратор спокойствия","items":[{"name":"Дух короны","additionally":"Потерянность","items":{"1":{"name":"Walkie - Не на той стороне","additionally":"./catalog/Video/Упадничество/Walkie - Не на той стороне.mp4","items":false}}},{"name":"Достоинство третьего глаза","additionally":"Мошенничество","items":{"1":{"name":"GYPSY FOR ONE DAY - La CARAVANE PASSE feat. ERIKA SERRE","additionally":"./catalog/Video/Упадничество/GYPSY FOR ONE DAY - La CARAVANE PASSE feat. ERIKA SERRE.mp4","items":false}}},{"name":"Достоинство горла","additionally":"Запоздалость","items":{"1":{"name":"Павел Пламенев и Евгений Егоров (гр. Эпидемия) - Сокрушить Великих","additionally":"./catalog/Video/Упадничество/Павел Пламенев и Евгений Егоров (гр. Эпидемия) - Сокрушить Великих.mp4","items":false}}},{"name":"Душа сердца","additionally":"Ложь","items":{"1":{"name":"Enjoykin — From My Heart (feat. Виталий Мутко)","additionally":"./catalog/Video/Упадничество/Enjoykin — From My Heart (feat. Виталий Мутко).mp4","items":false}}},{"name":"Регулятор солнечного сплетения","additionally":"Ненужность","items":{"1":{"name":"Александр Лаэртский – Вымирание племени","additionally":"./catalog/Video/Упадничество/Александр Лаэртский – Вымирание племени.mp4","items":false},"2":{"name":"Imstorie - Москва","additionally":"./catalog/Video/Упадничество/Imstorie---Moskva.mp4","items":false}}},{"name":"Честь сакральности","additionally":"Растяпа","items":{"1":{"name":"HAZИМА & Валерия – Тысячи историй","additionally":"./catalog/Video/Упадничество/HAZИМА & Валерия – Тысячи историй.mp4","items":false},"2":{"name":"Jason Derulo - Tip Toe feat. French Montana","additionally":"./catalog/Video/Упадничество/Jason Derulo - Tip Toe feat. French Montana.mp4","items":false}}},{"name":"Честь корня","additionally":"Попадалово","items":{"1":{"name":"Enjoykin - Мухи","additionally":"./catalog/Video/Упадничество/Enjoykin - Мухи.mp4","items":false},"2":{"name":"КУРАРА - КУРАРА ЧИБАНА","additionally":"./catalog/Video/Упадничество/КУРАРА - КУРАРА ЧИБАНА.mp4","items":false}}}]}]},"":{"items":[{"items":[{"items":[{"name":"Mia Rodriguez - Psycho","additionally":"","items":false}]}]}]}}